{"cameraMode":{"drawMode":0,"name":"Shaded","section":"Shading Mode"},"sceneLighting":true,"audioPlay":false,"sceneViewState":{"m_AlwaysRefresh":false,"showFog":true,"showSkybox":true,"showFlares":true,"showImageEffects":true,"showParticleSystems":true,"showVisualEffectGraphs":true,"m_FxEnabled":true},"in2DMode":false,"pivot":{"x":-3.710871934890747,"y":0.5699999332427979,"z":6.973300933837891},"rotation":{"x":-0.0033972342498600485,"y":0.7110113501548767,"z":-0.0034079523757100107,"w":-0.7032877206802368},"size":0.8660253882408142,"orthographic":false}