{"cameraMode":{"drawMode":0,"name":"Shaded","section":"Shading Mode"},"sceneLighting":true,"audioPlay":false,"sceneViewState":{"m_AlwaysRefresh":false,"showFog":true,"showSkybox":true,"showFlares":true,"showImageEffects":true,"showParticleSystems":true,"showVisualEffectGraphs":true,"m_FxEnabled":true},"in2DMode":false,"pivot":{"x":2.6166434288024904,"y":6.485930919647217,"z":0.024996325373649598},"rotation":{"x":-0.06726239621639252,"y":0.5097796320915222,"z":-0.03995224088430405,"w":-0.8567835688591003},"size":14.996386528015137,"orthographic":false}